{
    "speed": [
        -0.021534712985157967,
        11.078810691833496
    ],
    "acceleration": [
        -7.852330207824707,
        10.291455268859863
    ],
    "angular_velocity": [
        -0.5025739073753357,
        0.4207775592803955
    ],
    "theta": [
        -0.18638665676116944,
        0.22671463966369854
    ],
    "fur_x": [
        -0.009059280324727297,
        8.094476861953734
    ],
    "fur_y": [
        -1.1331352233886718,
        0.9688886409997939
    ],
    "command_far_x": [
        3.677370071411133,
        57.07126235961914
    ],
    "command_far_y": [
        -16.13709259033203,
        22.37385368347168
    ]
}